{
  "success": true,
  "frame": "base",
  "target_link": "tool0",
  "source_target": "gripper_tip",
  "active_test_name": "new_state",
  "translation_tool0_pregrasp": [
    -0.6931515743808067,
    0.4512596789111555,
    0.3032816997316925
  ],
  "quaternion_tool0_xyzw": [
    -0.28340175782789895,
    0.6661598976406625,
    0.6411123643592581,
    -0.25473392137899675
  ],
  "rpy_tool0_rad": [
    1.619,
    0.024,
    -2.36
  ],
  "orientation_source": "fixed_rpy",
  "gripper_tip_grasp_base": [
    -0.762622778346264,
    0.534922722924134,
    0.19509260743974172
  ],
  "gripper_tip_pregrasp_base": [
    -0.762622778346264,
    0.534922722924134,
    0.29509260743974175
  ],
  "tool0_to_gripper_tip_offset_tool_frame": [
    0.0,
    0.0,
    0.17
  ],
  "pregrasp_z_m": 0.1,
  "score": 0.14907529950141907,
  "width": 0.054199595004320145,
  "depth": 0.029999999329447746,
  "height": 0.019999999552965164,
  "source_file": "/home/b401/Documents/pick_place_occlusion_noetic/outputs/new_state/vision_output/best_grasp_base.json",
  "note": "Kirim translation_tool0_pregrasp + quaternion_tool0_xyzw ke MoveIt sebagai target tool0. Jangan kirim gripper_tip_grasp_base langsung ke MoveIt.",
  "manual_nudge_base_m": {
    "dx": -0.05,
    "dy": 0.037,
    "dz": 0.0
  },
  "manual_nudge_history": [
    {
      "from": [
        -0.6431515743808066,
        0.4142596789111555,
        0.3032816997316925
      ],
      "to": [
        -0.6931515743808067,
        0.4512596789111555,
        0.3032816997316925
      ],
      "dx": -0.05,
      "dy": 0.037,
      "dz": 0.0,
      "frame": "base"
    }
  ],
  "note_nudge": "translation_tool0_pregrasp digeser manual dalam frame base. dx/dy/dz satuannya meter."
}