{
  "success": true,
  "method": "graspnet_baseline_d455",
  "best_grasp": {
    "score": 0.14907529950141907,
    "translation_camera": [
      -0.06512358784675598,
      0.017528001219034195,
      0.4780000150203705
    ],
    "rotation_matrix_camera": [
      [
        -0.10681723058223724,
        0.00249303737655282,
        -0.9942755699157715
      ],
      [
        -0.9940048456192017,
        0.023199768736958504,
        0.10684632509946823
      ],
      [
        0.023333333432674408,
        0.9997277855873108,
        -4.3699490248627626e-08
      ]
    ],
    "width": 0.054199595004320145,
    "height": 0.019999999552965164,
    "depth": 0.029999999329447746,
    "object_id": -1,
    "frame": "RealSense D455 aligned color camera frame",
    "rank": 0,
    "distance_to_object_center": 0.06578241943958905
  },
  "object_center_camera": [
    -0.05004260720389729,
    -0.04649457836286035,
    0.4790000319480896
  ],
  "frame": "RealSense D455 aligned color camera frame",
  "note": "Masih camera frame. Perlu transform camera-to-base sebelum eksekusi UR5.",
  "meta": {
    "object_center_camera": [
      -0.05004260720389729,
      -0.04649457836286035,
      0.4790000319480896
    ],
    "num_mask_points": 6754,
    "num_workspace_points": 4827,
    "num_cloud_masked": 4827,
    "rgb_path": "/home/b401/Documents/pick_place_occlusion_noetic/data/d455_capture/current_scene_rgb.jpg",
    "depth_path": "/home/b401/Documents/pick_place_occlusion_noetic/data/d455_capture/depth_raw.npy",
    "intrinsics_path": "/home/b401/Documents/pick_place_occlusion_noetic/data/d455_capture/camera_intrinsics.json",
    "mask_path": "/home/b401/Documents/pick_place_occlusion_noetic/outputs/new_state/vision_output/fastsam_mask.png",
    "intrinsics": {
      "width": 640,
      "height": 480,
      "fx": 385.724365234375,
      "fy": 385.28033447265625,
      "ppx": 326.5517883300781,
      "ppy": 244.87197875976562,
      "depth_scale": 0.0010000000474974513
    },
    "depth_scale": 0.0010000000474974513,
    "factor_depth": 999.999952502551,
    "frame": "RealSense D455 aligned color camera frame"
  }
}