{
  "pointcloud_path": "/home/b401/Documents/pick_place_occlusion_noetic/outputs/try_tea/vision_output/masked_object_pointcloud_median_fill.ply",
  "clean_mask_path": null,
  "method": "median_fill_all_mask_pixels",
  "use_median_fill": true,
  "mask_pixels": 9975,
  "valid_depth_pixels": 9310,
  "zero_depth_pixels": 665,
  "final_points": 9861,
  "median_depth_m": 0.4690000116825104,
  "mean_depth_m": 0.47033610939979553,
  "center_mean_camera_m": [
    0.016095480474059693,
    -0.028571914224505144,
    0.4701872230416294
  ],
  "center_median_camera_m": [
    0.016312291845679283,
    -0.02771567553281784,
    0.4690000116825104
  ],
  "frame": "RealSense D455 aligned color camera frame",
  "note": "Point cloud masih camera frame, belum base frame UR5."
}