{
  "object": "yellow lemon",
  "pixel_center_uv": [
    330,
    256
  ],
  "pixel_center_uv_mean": [
    329,
    255
  ],
  "median_depth_m": 0.3700000047683716,
  "mean_depth_m": 0.37079936265945435,
  "point_camera_m": [
    0.003280824050307274,
    0.010571149177849293,
    0.3700000047683716
  ],
  "point_camera_mean_m": [
    0.0032213146332651377,
    0.010687194764614105,
    0.37062394618988037
  ],
  "debug": {
    "mask_pixels": 3475,
    "valid_depth_pixels": 2716,
    "valid_depth_ratio": 0.7815827338129496,
    "used_pixels_after_depth_fill": 3475,
    "min_depth_m": 0.1,
    "max_depth_m": 2.0,
    "depth_scale": 0.0010000000474974513,
    "fx": 385.724365234375,
    "fy": 385.28033447265625,
    "ppx": 326.5517883300781,
    "ppy": 244.87197875976562,
    "method": "all_mask_pixels_with_invalid_depth_filled_by_median_depth"
  },
  "frame": "RealSense D455 aligned color camera frame",
  "note": "Belum ditransformasikan ke base frame UR5."
}