{
  "pointcloud_path": "/home/b401/Documents/pick_place_occlusion_noetic/outputs/water_retry_01/vision_output/masked_object_pointcloud_median_fill.ply",
  "clean_mask_path": null,
  "method": "median_fill_all_mask_pixels",
  "use_median_fill": true,
  "mask_pixels": 10444,
  "valid_depth_pixels": 7151,
  "zero_depth_pixels": 2913,
  "final_points": 10439,
  "median_depth_m": 0.3890000283718109,
  "mean_depth_m": 0.405045747756958,
  "center_mean_camera_m": [
    -0.0008473149655353439,
    -0.06202924422593884,
    0.3996441449221666
  ],
  "center_median_camera_m": [
    -0.0005563226295635104,
    -0.05811445415019989,
    0.3890000283718109
  ],
  "frame": "RealSense D455 aligned color camera frame",
  "note": "Point cloud masih camera frame, belum base frame UR5."
}