{
  "success": true,
  "method": "graspnet_baseline_d455",
  "best_grasp": {
    "score": 0.5027543902397156,
    "translation_camera": [
      0.05368399620056152,
      -0.06514089554548264,
      0.4660000205039978
    ],
    "rotation_matrix_camera": [
      [
        0.4980229139328003,
        0.6123030185699463,
        -0.6140506863594055
      ],
      [
        -0.3856969475746155,
        0.790623128414154,
        0.4755553603172302
      ],
      [
        0.7766667008399963,
        0.0,
        0.6299118399620056
      ]
    ],
    "width": 0.0849149078130722,
    "height": 0.019999999552965164,
    "depth": 0.019999999552965164,
    "object_id": -1,
    "frame": "RealSense D455 aligned color camera frame",
    "rank": 0,
    "distance_to_object_center": 0.05572673710653327
  },
  "object_center_camera": [
    0.01302541824600009,
    -0.02724169763307816,
    0.4700000286102295
  ],
  "frame": "RealSense D455 aligned color camera frame",
  "note": "Masih camera frame. Perlu transform camera-to-base sebelum eksekusi UR5.",
  "meta": {
    "object_center_camera": [
      0.01302541824600009,
      -0.02724169763307816,
      0.4700000286102295
    ],
    "num_mask_points": 11735,
    "num_workspace_points": 9879,
    "num_cloud_masked": 9879,
    "rgb_path": "/home/b401/Documents/pick_place_occlusion_noetic/data/d455_capture/current_scene_rgb.jpg",
    "depth_path": "/home/b401/Documents/pick_place_occlusion_noetic/data/d455_capture/depth_raw.npy",
    "intrinsics_path": "/home/b401/Documents/pick_place_occlusion_noetic/data/d455_capture/camera_intrinsics.json",
    "mask_path": "/home/b401/Documents/pick_place_occlusion_noetic/outputs/try_tea/vision_output/fastsam_mask.png",
    "intrinsics": {
      "width": 640,
      "height": 480,
      "fx": 385.8294677734375,
      "fy": 385.38531494140625,
      "ppx": 326.5517883300781,
      "ppy": 244.87197875976562,
      "depth_scale": 0.0010000000474974513
    },
    "depth_scale": 0.0010000000474974513,
    "factor_depth": 999.999952502551,
    "frame": "RealSense D455 aligned color camera frame"
  }
}