{
  "object": "red tea bag",
  "pixel_center_uv": [
    340,
    222
  ],
  "pixel_center_uv_mean": [
    339,
    221
  ],
  "median_depth_m": 0.4690000116825104,
  "mean_depth_m": 0.47033610939979553,
  "point_camera_m": [
    0.016312291845679283,
    -0.027953069657087326,
    0.4690000116825104
  ],
  "point_camera_mean_m": [
    0.016086064279079437,
    -0.028791680932044983,
    0.47024762630462646
  ],
  "debug": {
    "mask_pixels": 9975,
    "valid_depth_pixels": 9310,
    "valid_depth_ratio": 0.9333333333333333,
    "used_pixels_after_depth_fill": 9975,
    "min_depth_m": 0.1,
    "max_depth_m": 2.0,
    "depth_scale": 0.0010000000474974513,
    "fx": 385.8294677734375,
    "fy": 385.38531494140625,
    "ppx": 326.5517883300781,
    "ppy": 244.87197875976562,
    "method": "all_mask_pixels_with_invalid_depth_filled_by_median_depth"
  },
  "frame": "RealSense D455 aligned color camera frame",
  "note": "Belum ditransformasikan ke base frame UR5."
}