{
  "object": "yellow lemon",
  "pixel_center_uv": [
    359,
    255
  ],
  "pixel_center_uv_mean": [
    358,
    254
  ],
  "median_depth_m": 0.3920000195503235,
  "mean_depth_m": 0.3928886353969574,
  "point_camera_m": [
    0.03247139975428581,
    0.010199514217674732,
    0.3920000195503235
  ],
  "point_camera_mean_m": [
    0.032641515135765076,
    0.010128719732165337,
    0.39272433519363403
  ],
  "debug": {
    "mask_pixels": 3894,
    "valid_depth_pixels": 3186,
    "valid_depth_ratio": 0.8181818181818182,
    "used_pixels_after_depth_fill": 3894,
    "min_depth_m": 0.1,
    "max_depth_m": 2.0,
    "depth_scale": 0.0010000000474974513,
    "fx": 385.724365234375,
    "fy": 385.28033447265625,
    "ppx": 326.5517883300781,
    "ppy": 244.87197875976562,
    "method": "all_mask_pixels_with_invalid_depth_filled_by_median_depth"
  },
  "frame": "RealSense D455 aligned color camera frame",
  "note": "Belum ditransformasikan ke base frame UR5."
}