{
  "pointcloud_path": "/home/b401/Documents/pick_place_occlusion_noetic/outputs/soda_valid_06/vision_output/masked_object_pointcloud_median_fill.ply",
  "clean_mask_path": null,
  "method": "median_fill_all_mask_pixels",
  "use_median_fill": true,
  "mask_pixels": 3375,
  "valid_depth_pixels": 2604,
  "zero_depth_pixels": 771,
  "final_points": 3221,
  "median_depth_m": 0.3850000202655792,
  "mean_depth_m": 0.3862212300300598,
  "center_mean_camera_m": [
    0.021726932029527673,
    0.008220754428233022,
    0.3859084315901031
  ],
  "center_median_camera_m": [
    0.02140793390572071,
    0.008037721738219261,
    0.3850000202655792
  ],
  "frame": "RealSense D455 aligned color camera frame",
  "note": "Point cloud masih camera frame, belum base frame UR5."
}