{
  "success": true,
  "method": "graspnet_baseline_d455",
  "best_grasp": {
    "score": 0.4945102035999298,
    "translation_camera": [
      -0.07174572348594666,
      -0.07215908169746399,
      0.398000031709671
    ],
    "rotation_matrix_camera": [
      [
        0.6660667061805725,
        -0.7401613593101501,
        -0.09228425472974777
      ],
      [
        -0.06173091381788254,
        0.0685979425907135,
        -0.9957327246665955
      ],
      [
        0.7433333396911621,
        0.6689212322235107,
        -2.9239474841347146e-08
      ]
    ],
    "width": 0.06950122117996216,
    "height": 0.019999999552965164,
    "depth": 0.029999999329447746,
    "object_id": -1,
    "frame": "RealSense D455 aligned color camera frame",
    "rank": 0,
    "distance_to_object_center": 0.04510437635337743
  },
  "object_center_camera": [
    -0.052109027243728276,
    -0.0317511015194343,
    0.39400002360343933
  ],
  "frame": "RealSense D455 aligned color camera frame",
  "note": "Masih camera frame. Perlu transform camera-to-base sebelum eksekusi UR5.",
  "meta": {
    "object_center_camera": [
      -0.052109027243728276,
      -0.0317511015194343,
      0.39400002360343933
    ],
    "num_mask_points": 9106,
    "num_workspace_points": 6098,
    "num_cloud_masked": 6098,
    "rgb_path": "/home/b401/Documents/pick_place_occlusion_noetic/data/d455_capture/current_scene_rgb.jpg",
    "depth_path": "/home/b401/Documents/pick_place_occlusion_noetic/data/d455_capture/depth_raw.npy",
    "intrinsics_path": "/home/b401/Documents/pick_place_occlusion_noetic/data/d455_capture/camera_intrinsics.json",
    "mask_path": "/home/b401/Documents/pick_place_occlusion_noetic/outputs/level_medium/vision_output/fastsam_mask.png",
    "intrinsics": {
      "width": 640,
      "height": 480,
      "fx": 385.8294677734375,
      "fy": 385.38531494140625,
      "ppx": 326.5517883300781,
      "ppy": 244.87197875976562,
      "depth_scale": 0.0010000000474974513
    },
    "depth_scale": 0.0010000000474974513,
    "factor_depth": 999.999952502551,
    "frame": "RealSense D455 aligned color camera frame"
  }
}