{
  "object": "blue water bottle",
  "pixel_center_uv": [
    296,
    151
  ],
  "pixel_center_uv_mean": [
    298,
    166
  ],
  "median_depth_m": 0.4540000259876251,
  "mean_depth_m": 0.45168063044548035,
  "point_camera_m": [
    -0.03596945106983185,
    -0.1104016825556755,
    0.4540000259876251
  ],
  "point_camera_mean_m": [
    -0.03328564390540123,
    -0.092624232172966,
    0.4528040289878845
  ],
  "debug": {
    "mask_pixels": 5860,
    "valid_depth_pixels": 3065,
    "valid_depth_ratio": 0.523037542662116,
    "used_pixels_after_depth_fill": 5860,
    "min_depth_m": 0.1,
    "max_depth_m": 2.0,
    "depth_scale": 0.0010000000474974513,
    "fx": 385.6192626953125,
    "fy": 385.17535400390625,
    "ppx": 326.5517883300781,
    "ppy": 244.87197875976562,
    "method": "all_mask_pixels_with_invalid_depth_filled_by_median_depth"
  },
  "frame": "RealSense D455 aligned color camera frame",
  "note": "Belum ditransformasikan ke base frame UR5."
}