{
  "success": true,
  "method": "graspnet_baseline_d455",
  "best_grasp": {
    "score": 0.23422731459140778,
    "translation_camera": [
      -0.002148308791220188,
      -0.020612619817256927,
      0.534000039100647
    ],
    "rotation_matrix_camera": [
      [
        0.32332366704940796,
        0.7677836418151855,
        -0.5531455874443054
      ],
      [
        -0.38744980096817017,
        0.6407091617584229,
        0.6628532409667969
      ],
      [
        0.8633333444595337,
        0.0,
        0.5046340823173523
      ]
    ],
    "width": 0.05150551348924637,
    "height": 0.019999999552965164,
    "depth": 0.009999999776482582,
    "object_id": -1,
    "frame": "RealSense D455 aligned color camera frame",
    "rank": 0,
    "distance_to_object_center": 0.11203284164968413
  },
  "object_center_camera": [
    0.009500360348170039,
    -0.12068592597853865,
    0.48500004410743713
  ],
  "frame": "RealSense D455 aligned color camera frame",
  "note": "Masih camera frame. Perlu transform camera-to-base sebelum eksekusi UR5.",
  "meta": {
    "object_center_camera": [
      0.009500360348170039,
      -0.12068592597853865,
      0.48500004410743713
    ],
    "num_mask_points": 10717,
    "num_workspace_points": 3278,
    "num_cloud_masked": 3278,
    "rgb_path": "/home/b401/Documents/pick_place_occlusion_noetic/data/d455_capture/current_scene_rgb.jpg",
    "depth_path": "/home/b401/Documents/pick_place_occlusion_noetic/data/d455_capture/depth_raw.npy",
    "intrinsics_path": "/home/b401/Documents/pick_place_occlusion_noetic/data/d455_capture/camera_intrinsics.json",
    "mask_path": "/home/b401/Documents/pick_place_occlusion_noetic/outputs/water_valid_03/vision_output/fastsam_mask.png",
    "intrinsics": {
      "width": 640,
      "height": 480,
      "fx": 385.724365234375,
      "fy": 385.28033447265625,
      "ppx": 326.5517883300781,
      "ppy": 244.87197875976562,
      "depth_scale": 0.0010000000474974513
    },
    "depth_scale": 0.0010000000474974513,
    "factor_depth": 999.999952502551,
    "frame": "RealSense D455 aligned color camera frame"
  }
}