{
  "success": true,
  "frame": "base",
  "target_link": "tool0",
  "source_target": "gripper_tip",
  "active_test_name": "water_valid_03",
  "translation_tool0_pregrasp": [
    -0.6880063366030428,
    0.5354596630052486,
    0.3733801363234235
  ],
  "quaternion_tool0_xyzw": [
    -0.28340175782789895,
    0.6661598976406625,
    0.6411123643592581,
    -0.25473392137899675
  ],
  "rpy_tool0_rad": [
    1.619,
    0.024,
    -2.36
  ],
  "orientation_source": "fixed_rpy",
  "gripper_tip_grasp_base": [
    -0.7574775405685001,
    0.6181227070182271,
    0.23519104403147273
  ],
  "gripper_tip_pregrasp_base": [
    -0.7574775405685001,
    0.6181227070182271,
    0.36519104403147273
  ],
  "tool0_to_gripper_tip_offset_tool_frame": [
    0.0,
    0.0,
    0.17
  ],
  "pregrasp_z_m": 0.13,
  "score": 0.23422731459140778,
  "width": 0.05150551348924637,
  "depth": 0.009999999776482582,
  "height": 0.019999999552965164,
  "source_file": "/home/b401/Documents/pick_place_occlusion_noetic/outputs/water_valid_03/vision_output/best_grasp_base.json",
  "note": "Kirim translation_tool0_pregrasp + quaternion_tool0_xyzw ke MoveIt sebagai target tool0. Jangan kirim gripper_tip_grasp_base langsung ke MoveIt.",
  "manual_nudge_base_m": {
    "dx": -0.05,
    "dy": 0.038,
    "dz": 0.0
  },
  "manual_nudge_history": [
    {
      "from": [
        -0.6380063366030427,
        0.49745966300524863,
        0.3733801363234235
      ],
      "to": [
        -0.6880063366030428,
        0.5354596630052486,
        0.3733801363234235
      ],
      "dx": -0.05,
      "dy": 0.038,
      "dz": 0.0,
      "frame": "base"
    }
  ],
  "note_nudge": "translation_tool0_pregrasp digeser manual dalam frame base. dx/dy/dz satuannya meter."
}