{
  "success": true,
  "method": "graspnet_baseline_d455",
  "best_grasp": {
    "score": 0.5474733114242554,
    "translation_camera": [
      -0.08092137426137924,
      -0.07365836948156357,
      0.49900004267692566
    ],
    "rotation_matrix_camera": [
      [
        0.5313771963119507,
        -0.7907350063323975,
        -0.3039349615573883
      ],
      [
        -0.16952382028102875,
        0.2522660195827484,
        -0.9526927471160889
      ],
      [
        0.8300000429153442,
        0.557763397693634,
        -2.4380613083963e-08
      ]
    ],
    "width": 0.07217023521661758,
    "height": 0.019999999552965164,
    "depth": 0.029999999329447746,
    "object_id": -1,
    "frame": "RealSense D455 aligned color camera frame",
    "rank": 0,
    "distance_to_object_center": 0.03821226284217435
  },
  "object_center_camera": [
    -0.07374579694816236,
    -0.03646040626518288,
    0.5040000081062317
  ],
  "frame": "RealSense D455 aligned color camera frame",
  "note": "Masih camera frame. Perlu transform camera-to-base sebelum eksekusi UR5.",
  "meta": {
    "object_center_camera": [
      -0.07374579694816236,
      -0.03646040626518288,
      0.5040000081062317
    ],
    "num_mask_points": 5884,
    "num_workspace_points": 4421,
    "num_cloud_masked": 4421,
    "rgb_path": "/home/b401/Documents/pick_place_occlusion_noetic/data/d455_capture/current_scene_rgb.jpg",
    "depth_path": "/home/b401/Documents/pick_place_occlusion_noetic/data/d455_capture/depth_raw.npy",
    "intrinsics_path": "/home/b401/Documents/pick_place_occlusion_noetic/data/d455_capture/camera_intrinsics.json",
    "mask_path": "/home/b401/Documents/pick_place_occlusion_noetic/outputs/water_valid_04/vision_output/fastsam_mask.png",
    "intrinsics": {
      "width": 640,
      "height": 480,
      "fx": 385.724365234375,
      "fy": 385.28033447265625,
      "ppx": 326.5517883300781,
      "ppy": 244.87197875976562,
      "depth_scale": 0.0010000000474974513
    },
    "depth_scale": 0.0010000000474974513,
    "factor_depth": 999.999952502551,
    "frame": "RealSense D455 aligned color camera frame"
  }
}