{
  "pointcloud_path": "/home/b401/Documents/pick_place_occlusion_noetic/outputs/water_valid_04/vision_output/masked_object_pointcloud_median_fill.ply",
  "clean_mask_path": null,
  "method": "median_fill_all_mask_pixels",
  "use_median_fill": true,
  "mask_pixels": 3280,
  "valid_depth_pixels": 2533,
  "zero_depth_pixels": 747,
  "final_points": 3127,
  "median_depth_m": 0.37800002098083496,
  "mean_depth_m": 0.3794224262237549,
  "center_mean_camera_m": [
    0.03304888720814464,
    0.007558649782576698,
    0.3788161348678984
  ],
  "center_median_camera_m": [
    0.03294561803340912,
    0.007782444823533297,
    0.37800002098083496
  ],
  "frame": "RealSense D455 aligned color camera frame",
  "note": "Point cloud masih camera frame, belum base frame UR5."
}