{
  "object": "blue water bottle",
  "pixel_center_uv": [
    338,
    187
  ],
  "pixel_center_uv_mean": [
    337,
    188
  ],
  "median_depth_m": 0.484000027179718,
  "mean_depth_m": 0.48677369952201843,
  "point_camera_m": [
    0.01411273330450058,
    -0.07270041108131409,
    0.484000027179718
  ],
  "point_camera_mean_m": [
    0.013870707713067532,
    -0.07127907872200012,
    0.4849484860897064
  ],
  "debug": {
    "mask_pixels": 8672,
    "valid_depth_pixels": 3133,
    "valid_depth_ratio": 0.36127767527675275,
    "used_pixels_after_depth_fill": 8672,
    "min_depth_m": 0.1,
    "max_depth_m": 2.0,
    "depth_scale": 0.0010000000474974513,
    "fx": 385.724365234375,
    "fy": 385.28033447265625,
    "ppx": 326.5517883300781,
    "ppy": 244.87197875976562,
    "method": "all_mask_pixels_with_invalid_depth_filled_by_median_depth"
  },
  "frame": "RealSense D455 aligned color camera frame",
  "note": "Belum ditransformasikan ke base frame UR5."
}