{
  "success": true,
  "method": "graspnet_baseline_d455",
  "best_grasp": {
    "score": 0.7887963056564331,
    "translation_camera": [
      0.059466611593961716,
      -0.056433387100696564,
      0.46400001645088196
    ],
    "rotation_matrix_camera": [
      [
        0.6540746092796326,
        0.42825940251350403,
        -0.6235225796699524
      ],
      [
        -0.309978187084198,
        0.9036558270454407,
        0.2954990267753601
      ],
      [
        0.690000057220459,
        0.0,
        0.7238094210624695
      ]
    ],
    "width": 0.08410553634166718,
    "height": 0.019999999552965164,
    "depth": 0.029999999329447746,
    "object_id": -1,
    "frame": "RealSense D455 aligned color camera frame",
    "rank": 0,
    "distance_to_object_center": 0.04926724246904944
  },
  "object_center_camera": [
    0.020757174336499786,
    -0.026220135324947436,
    0.46800002455711365
  ],
  "frame": "RealSense D455 aligned color camera frame",
  "note": "Masih camera frame. Perlu transform camera-to-base sebelum eksekusi UR5.",
  "meta": {
    "object_center_camera": [
      0.020757174336499786,
      -0.026220135324947436,
      0.46800002455711365
    ],
    "num_mask_points": 11758,
    "num_workspace_points": 9491,
    "num_cloud_masked": 9491,
    "rgb_path": "/home/b401/Documents/pick_place_occlusion_noetic/data/d455_capture/current_scene_rgb.jpg",
    "depth_path": "/home/b401/Documents/pick_place_occlusion_noetic/data/d455_capture/depth_raw.npy",
    "intrinsics_path": "/home/b401/Documents/pick_place_occlusion_noetic/data/d455_capture/camera_intrinsics.json",
    "mask_path": "/home/b401/Documents/pick_place_occlusion_noetic/outputs/try_tea/vision_output/fastsam_mask.png",
    "intrinsics": {
      "width": 640,
      "height": 480,
      "fx": 385.8294677734375,
      "fy": 385.38531494140625,
      "ppx": 326.5517883300781,
      "ppy": 244.87197875976562,
      "depth_scale": 0.0010000000474974513
    },
    "depth_scale": 0.0010000000474974513,
    "factor_depth": 999.999952502551,
    "frame": "RealSense D455 aligned color camera frame"
  }
}