{
  "success": true,
  "method": "graspnet_baseline_d455",
  "best_grasp": {
    "score": 0.3468320369720459,
    "translation_camera": [
      -0.06223803013563156,
      -0.06261882930994034,
      0.3720000088214874
    ],
    "rotation_matrix_camera": [
      [
        0.32332366704940796,
        -0.5531456470489502,
        -0.7677836418151855
      ],
      [
        -0.38744980096817017,
        0.6628532409667969,
        -0.6407091617584229
      ],
      [
        0.8633333444595337,
        0.5046340823173523,
        -2.2058255666479454e-08
      ]
    ],
    "width": 0.07792504131793976,
    "height": 0.019999999552965164,
    "depth": 0.029999999329447746,
    "object_id": -1,
    "frame": "RealSense D455 aligned color camera frame",
    "rank": 0,
    "distance_to_object_center": 0.02249465261096938
  },
  "object_center_camera": [
    -0.05675660212179331,
    -0.04138293769510189,
    0.37700003385543823
  ],
  "frame": "RealSense D455 aligned color camera frame",
  "note": "Masih camera frame. Perlu transform camera-to-base sebelum eksekusi UR5.",
  "meta": {
    "object_center_camera": [
      -0.05675660212179331,
      -0.04138293769510189,
      0.37700003385543823
    ],
    "num_mask_points": 12703,
    "num_workspace_points": 7840,
    "num_cloud_masked": 7840,
    "rgb_path": "/home/b401/Documents/pick_place_occlusion_noetic/data/d455_capture/current_scene_rgb.jpg",
    "depth_path": "/home/b401/Documents/pick_place_occlusion_noetic/data/d455_capture/depth_raw.npy",
    "intrinsics_path": "/home/b401/Documents/pick_place_occlusion_noetic/data/d455_capture/camera_intrinsics.json",
    "mask_path": "/home/b401/Documents/pick_place_occlusion_noetic/outputs/water_valid_01/vision_output/fastsam_mask.png",
    "intrinsics": {
      "width": 640,
      "height": 480,
      "fx": 385.8294677734375,
      "fy": 385.38531494140625,
      "ppx": 326.5517883300781,
      "ppy": 244.87197875976562,
      "depth_scale": 0.0010000000474974513
    },
    "depth_scale": 0.0010000000474974513,
    "factor_depth": 999.999952502551,
    "frame": "RealSense D455 aligned color camera frame"
  }
}