{
  "pointcloud_path": "/home/b401/Documents/pick_place_occlusion_noetic/outputs/water_valid_01/vision_output/masked_object_pointcloud_median_fill.ply",
  "clean_mask_path": null,
  "method": "median_fill_all_mask_pixels",
  "use_median_fill": true,
  "mask_pixels": 10548,
  "valid_depth_pixels": 7578,
  "zero_depth_pixels": 2780,
  "final_points": 10119,
  "median_depth_m": 0.3760000169277191,
  "mean_depth_m": 0.39095187187194824,
  "center_mean_camera_m": [
    -0.054454420493590415,
    -0.05282558283169531,
    0.3857440627844087
  ],
  "center_median_camera_m": [
    -0.054524775594472885,
    -0.04813981056213379,
    0.3760000169277191
  ],
  "frame": "RealSense D455 aligned color camera frame",
  "note": "Point cloud masih camera frame, belum base frame UR5."
}