{
  "pointcloud_path": "/home/b401/Documents/pick_place_occlusion_noetic/outputs/try_tea/vision_output/masked_object_pointcloud_median_fill.ply",
  "clean_mask_path": null,
  "method": "median_fill_all_mask_pixels",
  "use_median_fill": true,
  "mask_pixels": 9950,
  "valid_depth_pixels": 8913,
  "zero_depth_pixels": 1037,
  "final_points": 9724,
  "median_depth_m": 0.46800002455711365,
  "mean_depth_m": 0.46931886672973633,
  "center_mean_camera_m": [
    0.021933060099958074,
    -0.026980469858918183,
    0.4690095854609751
  ],
  "center_median_camera_m": [
    0.02218589186668396,
    -0.026191757060587406,
    0.46800002455711365
  ],
  "frame": "RealSense D455 aligned color camera frame",
  "note": "Point cloud masih camera frame, belum base frame UR5."
}