{
  "object": "green bottle",
  "pixel_center_uv": [
    272,
    194
  ],
  "pixel_center_uv_mean": [
    272,
    192
  ],
  "median_depth_m": 0.3760000169277191,
  "mean_depth_m": 0.39095187187194824,
  "point_camera_m": [
    -0.05481792241334915,
    -0.04963309317827225,
    0.3760000169277191
  ],
  "point_camera_mean_m": [
    -0.05473283678293228,
    -0.054572176188230515,
    0.38673627376556396
  ],
  "debug": {
    "mask_pixels": 10548,
    "valid_depth_pixels": 7578,
    "valid_depth_ratio": 0.7184300341296929,
    "used_pixels_after_depth_fill": 10548,
    "min_depth_m": 0.1,
    "max_depth_m": 2.0,
    "depth_scale": 0.0010000000474974513,
    "fx": 385.8294677734375,
    "fy": 385.38531494140625,
    "ppx": 326.5517883300781,
    "ppy": 244.87197875976562,
    "method": "all_mask_pixels_with_invalid_depth_filled_by_median_depth"
  },
  "frame": "RealSense D455 aligned color camera frame",
  "note": "Belum ditransformasikan ke base frame UR5."
}