{
  "pointcloud_path": "/home/b401/Documents/pick_place_occlusion_noetic/outputs/water_new_01/vision_output/masked_object_pointcloud_median_fill.ply",
  "clean_mask_path": null,
  "method": "median_fill_all_mask_pixels",
  "use_median_fill": true,
  "mask_pixels": 7188,
  "valid_depth_pixels": 5127,
  "zero_depth_pixels": 2061,
  "final_points": 7166,
  "median_depth_m": 0.37400001287460327,
  "mean_depth_m": 0.3745494484901428,
  "center_mean_camera_m": [
    0.006089387489915866,
    -0.02349560789884729,
    0.37432892913762467
  ],
  "center_median_camera_m": [
    0.006183660123497248,
    -0.023011879064142704,
    0.37400001287460327
  ],
  "frame": "RealSense D455 aligned color camera frame",
  "note": "Point cloud masih camera frame, belum base frame UR5."
}