{
  "success": true,
  "T_base_camera": [
    [
      0.7059391398924973,
      -0.009137231167314694,
      -0.7082135566158255,
      -0.37796324065597775
    ],
    [
      0.7081945729741308,
      0.023938270350047412,
      0.70561137038928,
      0.24334105873331346
    ],
    [
      0.010506073378305777,
      -0.9996716812130089,
      0.023369899506129152,
      0.20212823476429959
    ],
    [
      0.0,
      0.0,
      0.0,
      1.0
    ]
  ],
  "R_base_camera": [
    [
      0.7059391398924973,
      -0.009137231167314694,
      -0.7082135566158255
    ],
    [
      0.7081945729741308,
      0.023938270350047412,
      0.70561137038928
    ],
    [
      0.010506073378305777,
      -0.9996716812130089,
      0.023369899506129152
    ]
  ],
  "t_base_camera": [
    -0.37796324065597775,
    0.24334105873331346,
    0.20212823476429959
  ],
  "num_points": 9,
  "errors_m": [
    0.006393198066077621,
    0.006844704985741919,
    0.004745966751638258,
    0.002773329026797814,
    0.005778637047114472,
    0.009135400887025337,
    0.006994459548816045,
    0.007167874234182106,
    0.0066351990501583
  ],
  "mean_error_m": 0.006274307733061319,
  "median_error_m": 0.0066351990501583,
  "max_error_m": 0.009135400887025337,
  "frame_from": "RealSense D455 aligned color camera frame",
  "frame_to": "UR5 base frame",
  "formula": "p_base = R_base_camera @ p_camera + t_base_camera"
}