{
    "IDLE": [
    -0.7912667433368128,
    -1.4445660750018519,
    2.2297110557556152,
    -0.7369807402240198,
    1.5702720880508423,
    -0.024377171193258107
    ],
  
    "OBSERVATION": [-0.8038104216205042, 
    -1.2597468535052698, 
    1.3687376976013184, 
    -0.0247882048236292, 
    1.5701642036437988, 
    -0.024461094533101857
    ],


  
    "PRE_GRASP": [
      -0.7853425184832972,
      -1.0935681501971644,
      1.455164909362793,
      -0.2300656477557581,
      1.5697803497314453,
      -0.024556938801900685
    ],
  
    "DISCARD_INIT": [
      -0.7720559279071253,
      -1.2720320860492151,
      1.5265798568725586,
      -0.2504194418536585,
      1.5699244737625122,
      -0.0246050993548792
    ],
  
    "DISCARD_STEP_1": [
      -0.6725381056415003,
      -1.7394445578204554,
      1.5304059982299805,
      0.14724528789520264,
      1.5740376710891724,
      -0.024556938801900685
    ],
  
    "DISCARD_STEP_2": [
      0.6762447357177734,
      -1.7384021917926233,
      1.5304059982299805,
      0.23954260349273682,
      1.5335625410079956,
      -0.0244372526751917
    ],
    "UP_DISCARD": [
      0.6737411618232727,
      -1.0290349165545862,
      1.5311832427978516,
      -0.5130503813373011,
      1.533394694328308,
      -0.02290374437441045
    ],
    "DISCARD": [0.675909161567688, 
    -0.9319995085345667, 
    1.5314226150512695, 
    -0.5523055235492151, 
    1.5334306955337524, 
    -0.024257485066549123
    ],
    "DISCARD_TO_IDLE": [
      -0.025298420582906544,
      -1.2021411100970667,
      1.8867301940917969,
      -0.8184078375445765,
      1.5361050367355347,
      -0.02444917360414678
    ]
  }