{
    "IDLE": [1.9795284271240234, -1.2249029318438929, -0.7984498182879847, -0.7312243620501917, 1.570307970046997, -0.024329487477437794],
    "IDLE_real": [2.2297110557556152, -1.4445660750018519, -0.7912667433368128, -0.7369807402240198, 1.5702720880508423, -0.024377171193258107],
    "OBSERVATION": [1.940502643585205, -1.5653823057757776, -0.7988579908954065, -0.17387324968446904, 1.5701282024383545, -0.024317089711324513]
    ,
    "PRE_GRASP": [1.455164909362793, -1.0935681501971644, -0.7853425184832972, -0.2300656477557581, 1.5697803497314453, -0.024556938801900685]
    ,
    "DISCARD_INIT": [1.5265798568725586, -1.2720320860492151, -0.7720559279071253, -0.2504194418536585, 1.5699244737625122, -0.0246050993548792],
    "DISCARD_STEP_1": [1.5304059982299805, -1.7394445578204554, -0.6725381056415003, 0.14724528789520264, 1.5740376710891724, -0.024556938801900685],
    "DISCARD_STEP_2": [1.5304059982299805, -1.7384021917926233, 0.6762447357177734, 0.23954260349273682, 1.5335625410079956, -0.0244372526751917],
    "UP_DISCARD": [1.5311832427978516, -1.0290349165545862, 0.6737411618232727, -0.5130503813373011, 1.533394694328308, -0.02290374437441045],
    "DISCARD": [1.5313868522644043, -0.8965628782855433, 0.6742684841156006, -0.5521257559405726, 1.5334067344665527, -0.024389092122213185],
    "DISCARD_TO_IDLE": [-0.025298420582906544, -1.2021411100970667, 1.8867301940917969, -0.8184078375445765, 1.5361050367355347, -0.02444917360414678]
}