{
  "success": true,
  "frame": "base",
  "target_link": "tool0",
  "source_target": "gripper_tip",
  "active_test_name": "try_milk",
  "translation_tool0_pregrasp": [
    -0.610421232743198,
    0.45074790403807385,
    0.369206101400698
  ],
  "quaternion_tool0_xyzw": [
    -0.28340175782789895,
    0.6661598976406625,
    0.6411123643592581,
    -0.25473392137899675
  ],
  "rpy_tool0_rad": [
    1.619,
    0.024,
    -2.36
  ],
  "orientation_source": "fixed_rpy",
  "gripper_tip_grasp_base": [
    -0.6798924367086554,
    0.5364109480510524,
    0.2610170091087472
  ],
  "gripper_tip_pregrasp_base": [
    -0.6798924367086554,
    0.5364109480510524,
    0.36101700910874723
  ],
  "tool0_to_gripper_tip_offset_tool_frame": [
    0.0,
    0.0,
    0.17
  ],
  "pregrasp_z_m": 0.1,
  "score": 0.5133759379386902,
  "width": 0.0649007111787796,
  "depth": 0.019999999552965164,
  "height": 0.019999999552965164,
  "source_file": "/home/b401/Documents/pick_place_occlusion_noetic/outputs/try_milk/vision_output/best_grasp_base.json",
  "note": "Kirim translation_tool0_pregrasp + quaternion_tool0_xyzw ke MoveIt sebagai target tool0. Jangan kirim gripper_tip_grasp_base langsung ke MoveIt.",
  "manual_nudge_base_m": {
    "dx": -0.05,
    "dy": 0.035,
    "dz": 0.0
  },
  "manual_nudge_history": [
    {
      "from": [
        -0.560421232743198,
        0.4157479040380739,
        0.369206101400698
      ],
      "to": [
        -0.610421232743198,
        0.45074790403807385,
        0.369206101400698
      ],
      "dx": -0.05,
      "dy": 0.035,
      "dz": 0.0,
      "frame": "base"
    }
  ],
  "note_nudge": "translation_tool0_pregrasp digeser manual dalam frame base. dx/dy/dz satuannya meter."
}