{
  "success": true,
  "method": "graspnet_baseline_d455",
  "best_grasp": {
    "score": 0.8221267461776733,
    "translation_camera": [
      -0.005131873767822981,
      -0.09466970711946487,
      0.4350000321865082
    ],
    "rotation_matrix_camera": [
      [
        0.6540746092796326,
        0.42825940251350403,
        -0.6235225796699524
      ],
      [
        -0.309978187084198,
        0.9036558270454407,
        0.2954990267753601
      ],
      [
        0.690000057220459,
        0.0,
        0.7238094210624695
      ]
    ],
    "width": 0.08158475160598755,
    "height": 0.019999999552965164,
    "depth": 0.019999999552965164,
    "object_id": -1,
    "frame": "RealSense D455 aligned color camera frame",
    "rank": 0,
    "distance_to_object_center": 0.018230911143513426
  },
  "object_center_camera": [
    -0.002910060088668413,
    -0.1097504848126933,
    0.445000022649765
  ],
  "frame": "RealSense D455 aligned color camera frame",
  "note": "Masih camera frame. Perlu transform camera-to-base sebelum eksekusi UR5.",
  "meta": {
    "object_center_camera": [
      -0.002910060088668413,
      -0.1097504848126933,
      0.445000022649765
    ],
    "num_mask_points": 12492,
    "num_workspace_points": 3088,
    "num_cloud_masked": 3088,
    "rgb_path": "/home/b401/Documents/pick_place_occlusion_noetic/data/d455_capture/current_scene_rgb.jpg",
    "depth_path": "/home/b401/Documents/pick_place_occlusion_noetic/data/d455_capture/depth_raw.npy",
    "intrinsics_path": "/home/b401/Documents/pick_place_occlusion_noetic/data/d455_capture/camera_intrinsics.json",
    "mask_path": "/home/b401/Documents/pick_place_occlusion_noetic/outputs/water_retry_02/vision_output/fastsam_mask.png",
    "intrinsics": {
      "width": 640,
      "height": 480,
      "fx": 385.8294677734375,
      "fy": 385.38531494140625,
      "ppx": 326.5517883300781,
      "ppy": 244.87197875976562,
      "depth_scale": 0.0010000000474974513
    },
    "depth_scale": 0.0010000000474974513,
    "factor_depth": 999.999952502551,
    "frame": "RealSense D455 aligned color camera frame"
  }
}