{
  "pointcloud_path": "/home/b401/Documents/pick_place_occlusion_noetic/outputs/water_retry_02/vision_output/masked_object_pointcloud_median_fill.ply",
  "clean_mask_path": null,
  "method": "median_fill_all_mask_pixels",
  "use_median_fill": true,
  "mask_pixels": 6910,
  "valid_depth_pixels": 5078,
  "zero_depth_pixels": 1832,
  "final_points": 6866,
  "median_depth_m": 0.38200002908706665,
  "mean_depth_m": 0.38287320733070374,
  "center_mean_camera_m": [
    0.013838973991385025,
    -0.023084504174348264,
    0.3825274013827085
  ],
  "center_median_camera_m": [
    0.01415502093732357,
    -0.02281943801790476,
    0.38200002908706665
  ],
  "frame": "RealSense D455 aligned color camera frame",
  "note": "Point cloud masih camera frame, belum base frame UR5."
}