{
  "success": true,
  "method": "graspnet_baseline_d455",
  "best_grasp": {
    "score": 0.39131736755371094,
    "translation_camera": [
      0.05096534267067909,
      0.019962089136242867,
      0.38200002908706665
    ],
    "rotation_matrix_camera": [
      [
        0.6540746092796326,
        0.42825940251350403,
        -0.6235225796699524
      ],
      [
        -0.309978187084198,
        0.9036558270454407,
        0.2954990267753601
      ],
      [
        0.690000057220459,
        0.0,
        0.7238094210624695
      ]
    ],
    "width": 0.08480340242385864,
    "height": 0.019999999552965164,
    "depth": 0.029999999329447746,
    "object_id": -1,
    "frame": "RealSense D455 aligned color camera frame",
    "rank": 0,
    "distance_to_object_center": 0.015351211494421164
  },
  "object_center_camera": [
    0.040978802249727414,
    0.009965643943949073,
    0.3880000114440918
  ],
  "frame": "RealSense D455 aligned color camera frame",
  "note": "Masih camera frame. Perlu transform camera-to-base sebelum eksekusi UR5.",
  "meta": {
    "object_center_camera": [
      0.040978802249727414,
      0.009965643943949073,
      0.3880000114440918
    ],
    "num_mask_points": 4271,
    "num_workspace_points": 2588,
    "num_cloud_masked": 2588,
    "rgb_path": "/home/b401/Documents/pick_place_occlusion_noetic/data/d455_capture/current_scene_rgb.jpg",
    "depth_path": "/home/b401/Documents/pick_place_occlusion_noetic/data/d455_capture/depth_raw.npy",
    "intrinsics_path": "/home/b401/Documents/pick_place_occlusion_noetic/data/d455_capture/camera_intrinsics.json",
    "mask_path": "/home/b401/Documents/pick_place_occlusion_noetic/outputs/soda_valid_07/vision_output/fastsam_mask.png",
    "intrinsics": {
      "width": 640,
      "height": 480,
      "fx": 385.6192626953125,
      "fy": 385.17535400390625,
      "ppx": 326.5517883300781,
      "ppy": 244.87197875976562,
      "depth_scale": 0.0010000000474974513
    },
    "depth_scale": 0.0010000000474974513,
    "factor_depth": 999.999952502551,
    "frame": "RealSense D455 aligned color camera frame"
  }
}