{
  "pointcloud_path": "/home/b401/Documents/pick_place_occlusion_noetic/outputs/soda_valid_09/vision_output/masked_object_pointcloud_median_fill.ply",
  "clean_mask_path": null,
  "method": "median_fill_all_mask_pixels",
  "use_median_fill": true,
  "mask_pixels": 3623,
  "valid_depth_pixels": 2869,
  "zero_depth_pixels": 754,
  "final_points": 3443,
  "median_depth_m": 0.3930000066757202,
  "mean_depth_m": 0.393566757440567,
  "center_mean_camera_m": [
    0.02979832482285502,
    0.006874862361311754,
    0.39316324549049547
  ],
  "center_median_camera_m": [
    0.029469255357980728,
    0.007122834678739309,
    0.3930000066757202
  ],
  "frame": "RealSense D455 aligned color camera frame",
  "note": "Point cloud masih camera frame, belum base frame UR5."
}