{
  "pointcloud_path": "/home/b401/Documents/pick_place_occlusion_noetic/outputs/water_valid_02/vision_output/masked_object_pointcloud_median_fill.ply",
  "clean_mask_path": null,
  "method": "median_fill_all_mask_pixels",
  "use_median_fill": true,
  "mask_pixels": 3475,
  "valid_depth_pixels": 2716,
  "zero_depth_pixels": 759,
  "final_points": 3352,
  "median_depth_m": 0.3700000047683716,
  "mean_depth_m": 0.37079936265945435,
  "center_mean_camera_m": [
    0.003259660082653627,
    0.010452327838976656,
    0.37044601646520925
  ],
  "center_median_camera_m": [
    0.0032718845177441835,
    0.010455616749823093,
    0.3700000047683716
  ],
  "frame": "RealSense D455 aligned color camera frame",
  "note": "Point cloud masih camera frame, belum base frame UR5."
}