{
  "object": "red soda can",
  "pixel_center_uv": [
    272,
    216
  ],
  "pixel_center_uv_mean": [
    272,
    216
  ],
  "median_depth_m": 0.5040000081062317,
  "mean_depth_m": 0.5044745802879333,
  "point_camera_m": [
    -0.07057201117277145,
    -0.037768542766571045,
    0.5040000081062317
  ],
  "point_camera_mean_m": [
    -0.07128667831420898,
    -0.037680186331272125,
    0.5044078230857849
  ],
  "debug": {
    "mask_pixels": 4589,
    "valid_depth_pixels": 3947,
    "valid_depth_ratio": 0.8601002397036391,
    "used_pixels_after_depth_fill": 4589,
    "min_depth_m": 0.1,
    "max_depth_m": 2.0,
    "depth_scale": 0.0010000000474974513,
    "fx": 385.724365234375,
    "fy": 385.28033447265625,
    "ppx": 326.5517883300781,
    "ppy": 244.87197875976562,
    "method": "all_mask_pixels_with_invalid_depth_filled_by_median_depth"
  },
  "frame": "RealSense D455 aligned color camera frame",
  "note": "Belum ditransformasikan ke base frame UR5."
}