{
  "pointcloud_path": "/home/b401/Documents/pick_place_occlusion_noetic/outputs/water_valid_05/vision_output/masked_object_pointcloud_median_fill.ply",
  "clean_mask_path": null,
  "method": "median_fill_all_mask_pixels",
  "use_median_fill": true,
  "mask_pixels": 7252,
  "valid_depth_pixels": 5985,
  "zero_depth_pixels": 1267,
  "final_points": 6992,
  "median_depth_m": 0.4000000059604645,
  "mean_depth_m": 0.4007478952407837,
  "center_mean_camera_m": [
    -0.009224438728400423,
    -0.035282041190317276,
    0.40028662985143865
  ],
  "center_median_camera_m": [
    -0.008868289180099964,
    -0.034902315586805344,
    0.4000000059604645
  ],
  "frame": "RealSense D455 aligned color camera frame",
  "note": "Point cloud masih camera frame, belum base frame UR5."
}