{
  "pointcloud_path": "/home/b401/Documents/pick_place_occlusion_noetic/outputs/try_milk/vision_output/masked_object_pointcloud_median_fill.ply",
  "clean_mask_path": null,
  "method": "median_fill_all_mask_pixels",
  "use_median_fill": true,
  "mask_pixels": 5746,
  "valid_depth_pixels": 4112,
  "zero_depth_pixels": 1634,
  "final_points": 5509,
  "median_depth_m": 0.4150000214576721,
  "mean_depth_m": 0.4168164134025574,
  "center_mean_camera_m": [
    -0.0023831063506479077,
    -0.027431015389539754,
    0.41617555332326656
  ],
  "center_median_camera_m": [
    -0.0027226496022194624,
    -0.0277702696621418,
    0.4150000214576721
  ],
  "frame": "RealSense D455 aligned color camera frame",
  "note": "Point cloud masih camera frame, belum base frame UR5."
}